item,quantity,location,notes
STS3215 12V servo,18,3 per leg,Use the owner's 12V variant
Supplied driven metal horn,18,Inside each driven fork face,2.5mm measured thickness
Supplied dummy metal horn,18,Inside each dummy fork face,2.0mm measured thickness
DIN7380-1 M3x6,144,Horn attachment,4 screws per horn
DIN7380-1 M3x8,6,TPU shoe to tibia,One per foot
DIN7380-1 M3x10,6,4 carrier and 2 canopy screws,2mm hex drive
DIN7380-1 M3x12,4,PCB and standoff to carrier,Assumes 1.6mm PCB and 6mm standoff
Supplied PA2 case screw,72,4 per servo factory case mount,Reference assumes 5mm shank and 4mm head
Ruthex RX-M3x5.7 insert,16,4 chassis 6 carrier 6 tibia,4.0mm diameter x7mm pilot
Original horn retaining hardware,18 sets,Servo center retainers,Reuse supplied hardware; not individually detailed in CAD
Battery retaining strap,2,Chassis slots,Choose width up to 14mm and length for actual pack
3S battery pack,1,Dorsal compartment,Nominal envelope115x40x35mm excluding plugs
Controller and power distribution,1 set,Controller carrier,Nominal envelope90x60x18mm
Servo bus cables,As routed,Dummy-side ports,Verify plugs and leave flexible service loops
